arm	round	label	key	cached	feasible	reason	score	seconds	height_m	dbh_m	wood_triangles	leaves	B-WHOLE.width_over_height	B-WHOLE.crown_base	B-WHOLE.occupied	B-WHOLE.outline_deviation	B-WHOLE.centre	B-BARE.width_over_height	B-BARE.crown_base	B-BARE.occupied	B-BARE.outline_deviation	B-BARE.centre	overrides
jev	0	shipped	44136fa355b3	False	True		0.2453	23.7	32.11	1.016	10764600	4928780	0.7504	0.096	0.5321	0.1697	56.4	0.7358	0.3034	0.4115	0.113	116.3	{}
jev	1	jev:twig_tip_taper:up	60a8ec10bc42	False	True		0.2456	23.5	32.11	1.016	10764600	4928786	0.7504	0.096	0.5321	0.1697	56.4	0.7358	0.3034	0.4128	0.1131	116.2	"{""skeleton"": {""habit"": {""twigTipTaper"": 0.35}}}"
jev	1	jev:twig_tip_taper:down	97c8515a1af5	False	True		0.2448	23.2	32.11	1.016	10764600	4928781	0.7504	0.096	0.532	0.1698	56.4	0.7358	0.3034	0.4101	0.1134	116.5	"{""skeleton"": {""habit"": {""twigTipTaper"": 0.15}}}"
sweep	0	shipped	44136fa355b3	True	True		0.2453	23.7	32.11	1.016	10764600	4928780	0.7504	0.096	0.5321	0.1697	56.4	0.7358	0.3034	0.4115	0.113	116.3	{}
sweep	1	sweep:lateral_pitch:down	e4414336b459	False	True		0.2098	26.1	32.06	1.016	12232320	5642817	0.7542	0.0952	0.4741	0.1991	57.6	0.7035	0.3013	0.3982	0.1346	115.3	"{""skeleton"": {""habit"": {""lateralPitch"": 22.0}}}"
sweep	1	sweep:lateral_pitch:up	0c295384313e	False	True		0.2814	23.1	31.96	1.016	9488360	4322795	0.7518	0.0957	0.5771	0.1121	58.1	0.7286	0.2853	0.423	0.1097	120.0	"{""skeleton"": {""habit"": {""lateralPitch"": 34.0}}}"
sweep	1	sweep:laterals_per_station:down	1abe9433ef89	False	True		0.187	13.4	31.99	1.016	5928360	2705974	0.7518	0.0957	0.4783	0.2016	66.9	0.7353	0.3002	0.3353	0.1362	132.8	"{""skeleton"": {""habit"": {""lateralsPerStation"": 1}}}"
sweep	1	sweep:laterals_per_station:up	045acbd40d06	False	False	gates [] capped=True		11.5	31.95	1.016	14527400	6906373											"{""skeleton"": {""habit"": {""lateralsPerStation"": 3}}}"
sweep	1	sweep:crookedness:down	6635fd2d460d	False	True		0.2284	22.2	32.09	1.016	10762640	4974751	0.7427	0.0959	0.5138	0.1722	57.3	0.7259	0.3034	0.391	0.1135	112.8	"{""skeleton"": {""habit"": {""crookedness"": 0.0}}}"
sweep	1	sweep:crookedness:up	44dedef0f0b7	False	True		0.258	24.0	31.97	1.016	10623640	4888815	0.7506	0.0956	0.5338	0.1423	55.2	0.7336	0.301	0.4122	0.1189	117.2	"{""skeleton"": {""habit"": {""crookedness"": 6.0}}}"
sweep	1	sweep:twig_tip_taper:down	97c8515a1af5	True	True		0.2448	23.2	32.11	1.016	10764600	4928781	0.7504	0.096	0.532	0.1698	56.4	0.7358	0.3034	0.4101	0.1134	116.5	"{""skeleton"": {""habit"": {""twigTipTaper"": 0.15}}}"
sweep	1	sweep:twig_tip_taper:up	60a8ec10bc42	True	True		0.2456	23.5	32.11	1.016	10764600	4928786	0.7504	0.096	0.5321	0.1697	56.4	0.7358	0.3034	0.4128	0.1131	116.2	"{""skeleton"": {""habit"": {""twigTipTaper"": 0.35}}}"
sweep	1	sweep:twig_laterals:down	b4afce9c0c9b	False	True		0.2443	17.5	32.06	1.016	8098400	3844508	0.754	0.0961	0.524	0.1512	58.6	0.737	0.3039	0.394	0.1172	118.9	"{""skeleton"": {""twigs"": {""laterals"": 3}}}"
sweep	1	sweep:twig_laterals:up	757c19143952	False	True		0.2606	26.9	32.06	1.016	13465120	6009707	0.753	0.0959	0.5361	0.1472	55.6	0.7336	0.3033	0.4267	0.1156	114.6	"{""skeleton"": {""twigs"": {""laterals"": 5}}}"
sweep	1	sweep:twig_length_ratio:down	c92051922648	False	True		0.2292	18.5	32.1	1.016	8356440	4047798	0.7542	0.096	0.5178	0.1779	57.4	0.7358	0.3034	0.3888	0.1211	118.5	"{""skeleton"": {""twigs"": {""lengthRatio"": 0.18}}}"
sweep	1	sweep:twig_length_ratio:up	301137af0111	False	True		0.2685	26.5	32.04	1.016	13197840	5743030	0.7514	0.0959	0.544	0.1359	55.7	0.7347	0.303	0.432	0.1146	114.2	"{""skeleton"": {""twigs"": {""lengthRatio"": 0.28}}}"
sweep	1	sweep:irregularity:down	c8bd0ca4281f	False	True		0.2552	22.1	32.02	1.016	10679800	4890852	0.7397	0.0958	0.5329	0.1444	56.3	0.7252	0.3033	0.412	0.1168	115.9	"{""skeleton"": {""envelope"": {""irregularity"": 0.1}}}"
sweep	1	sweep:irregularity:up	ce711318fdad	False	True		0.253	22.1	32.08	1.016	10816520	4961840	0.753	0.0959	0.5371	0.1533	56.5	0.7347	0.303	0.4151	0.12	116.5	"{""skeleton"": {""envelope"": {""irregularity"": 0.26}}}"
sweep	1	sweep:spread:down	fca69185b1d6	False	True		0.2444	19.1	31.94	1.016	9334000	4194853	0.6768	0.0964	0.542	0.1434	57.4	0.7096	0.3052	0.3886	0.1268	116.8	"{""skeleton"": {""envelope"": {""spread"": 0.32}}}"
sweep	1	sweep:spread:up	b952e04b1d65	False	True		0.2755	25.2	31.98	1.016	12074960	5558982	0.7453	0.0949	0.5584	0.1433	56.3	0.7302	0.3004	0.4423	0.1062	116.0	"{""skeleton"": {""envelope"": {""spread"": 0.4}}}"
sweep	1	sweep:crown_base:down	9a930cfbefd7	False	True		0.2492	21.3	31.98	1.016	10351600	4744570	0.7466	0.0956	0.5271	0.1463	56.5	0.7334	0.3028	0.4079	0.1234	116.1	"{""skeleton"": {""envelope"": {""crownBase"": 0.02}}}"
sweep	1	sweep:crown_base:up	9b87398baed3	False	True		0.1925	18.1	32.03	1.016	8476480	3921504	0.7566	0.0955	0.4763	0.2021	64.3	0.7361	0.2988	0.3648	0.1433	127.4	"{""skeleton"": {""envelope"": {""crownBase"": 0.1}}}"
sweep	1	sweep:short_shoot_leaves:down	b5adb738bf6a	False	True		0.243	18.2	32.1	1.016	10764600	3772027	0.7496	0.096	0.5297	0.171	57.1	0.7353	0.3032	0.4113	0.1134	116.3	"{""canopy"": {""shortShootLeaves"": 6}}"
sweep	1	sweep:short_shoot_leaves:up	fa0a5be132ac	False	False	"placement: InvalidInput(""short shoot leaves"")"		0.5															"{""canopy"": {""shortShootLeaves"": 10}}"
sweep	1	sweep:short_shoot_spacing:down	65b9f12893c6	False	True		0.26	29.7	32.09	1.016	10764600	7251565	0.7506	0.0959	0.5376	0.14	55.4	0.7358	0.3034	0.411	0.115	116.3	"{""canopy"": {""shortShootSpacing"": 0.02}}"
sweep	1	sweep:short_shoot_spacing:up	7b24e837df9a	False	True		0.2509	18.2	32.06	1.016	10764600	3768979	0.7502	0.0957	0.5261	0.15	57.4	0.7353	0.3032	0.4125	0.1165	116.5	"{""canopy"": {""shortShootSpacing"": 0.04}}"
sweep	1	sweep:limb_clumping:down	fb7287a3f7e6	False	True		0.2458	23.5	32.11	1.016	10764600	5608669	0.7498	0.0959	0.5341	0.1691	55.9	0.7358	0.3034	0.4116	0.1156	116.4	"{""canopy"": {""limbClumping"": 0.15}}"
sweep	1	sweep:limb_clumping:up	c3b5046e25b8	False	True		0.2429	20.8	32.11	1.016	10764600	4316948	0.7504	0.096	0.5297	0.1704	57.3	0.7353	0.3032	0.4109	0.1139	116.4	"{""canopy"": {""limbClumping"": 0.35}}"
sweep	1	sweep:compound	1fa490af516a	False	True		0.2215	6.2	32.03	1.016	2666920	945007	0.7572	0.0956	0.3252	0.3069	90.4	0.6857	0.3022	0.2523	0.1773	136.8	"{""canopy"": {""limbClumping"": 0.35, ""shortShootLeaves"": 6}, ""skeleton"": {""envelope"": {""crownBase"": 0.1, ""spread"": 0.32}, ""habit"": {""crookedness"": 0.0, ""lateralPitch"": 22.0, ""lateralsPerStation"": 1, ""twigTipTaper"": 0.15}, ""twigs"": {""laterals"": 3, ""lengthRatio"": 0.18}}}"
sweep	2	sweep:lateral_pitch:down	e89aa1da6ab0	False	True		0.1696	14.8	31.99	1.016	6800200	3117849	0.7536	0.096	0.4337	0.2459	66.5	0.7341	0.2997	0.3227	0.1632	131.5	"{""skeleton"": {""habit"": {""lateralPitch"": 22.0, ""lateralsPerStation"": 1}}}"
sweep	2	sweep:lateral_pitch:up	21211493c37b	False	True		0.2072	11.4	31.86	1.016	5034160	2312273	0.7471	0.0951	0.5116	0.1679	71.1	0.7297	0.2986	0.3295	0.1339	137.4	"{""skeleton"": {""habit"": {""lateralPitch"": 34.0, ""lateralsPerStation"": 1}}}"
sweep	2	sweep:laterals_per_station:up	b66f2d4f0123	False	True		0.2453	22.6	32.11	1.016	10764600	4928780	0.7504	0.096	0.5321	0.1697	56.4	0.7358	0.3034	0.4115	0.113	116.3	"{""skeleton"": {""habit"": {""lateralsPerStation"": 2}}}"
sweep	2	sweep:crookedness:down	1c2b04e75cd3	False	True		0.1926	13.4	32.04	1.016	6138920	2804432	0.7518	0.0957	0.4597	0.1896	63.1	0.7228	0.3004	0.3245	0.1209	129.3	"{""skeleton"": {""habit"": {""crookedness"": 0.0, ""lateralsPerStation"": 1}}}"
sweep	2	sweep:crookedness:up	9cd0411806f5	False	True		0.1911	12.9	32.0	1.016	5769720	2672732	0.7524	0.0958	0.4861	0.2015	65.8	0.7341	0.3005	0.3334	0.136	134.0	"{""skeleton"": {""habit"": {""crookedness"": 6.0, ""lateralsPerStation"": 1}}}"
sweep	2	sweep:twig_tip_taper:down	8affc8d58983	False	True		0.1866	13.0	31.99	1.016	5928360	2705978	0.7518	0.0957	0.4782	0.2016	66.9	0.7353	0.3002	0.334	0.1363	132.9	"{""skeleton"": {""habit"": {""lateralsPerStation"": 1, ""twigTipTaper"": 0.15}}}"
sweep	2	sweep:twig_tip_taper:up	71e7c0581422	False	True		0.1877	13.0	31.99	1.016	5928360	2705971	0.7518	0.0957	0.4784	0.2015	66.9	0.7353	0.3002	0.3366	0.1355	132.7	"{""skeleton"": {""habit"": {""lateralsPerStation"": 1, ""twigTipTaper"": 0.35}}}"
sweep	2	sweep:twig_laterals:down	92b12016a4a1	False	True		0.1724	10.7	32.01	1.016	4413560	2101136	0.7524	0.0958	0.468	0.2052	72.0	0.7358	0.3011	0.3159	0.1369	135.2	"{""skeleton"": {""habit"": {""lateralsPerStation"": 1}, ""twigs"": {""laterals"": 3}}}"
sweep	2	sweep:twig_laterals:up	b6f10a17804f	False	True		0.1872	15.6	32.04	1.016	7493960	3305376	0.7512	0.0957	0.4839	0.2169	65.8	0.7341	0.3005	0.3521	0.135	130.5	"{""skeleton"": {""habit"": {""lateralsPerStation"": 1}, ""twigs"": {""laterals"": 5}}}"
sweep	2	sweep:twig_length_ratio:down	ac2113c7fd13	False	True		0.1673	11.0	31.99	1.016	4459320	2229310	0.7494	0.0954	0.4611	0.2124	70.3	0.7341	0.3005	0.308	0.1378	135.9	"{""skeleton"": {""habit"": {""lateralsPerStation"": 1}, ""twigs"": {""lengthRatio"": 0.18}}}"
sweep	2	sweep:twig_length_ratio:up	3bf7200192e9	False	True		0.2003	15.0	31.99	1.016	7658200	3136647	0.7542	0.096	0.4914	0.1947	64.9	0.7353	0.2994	0.3592	0.1347	128.9	"{""skeleton"": {""habit"": {""lateralsPerStation"": 1}, ""twigs"": {""lengthRatio"": 0.28}}}"
sweep	2	sweep:irregularity:down	8c27fa72893d	False	True		0.1794	12.9	32.02	1.016	5915040	2691065	0.753	0.0959	0.4723	0.2109	67.3	0.7336	0.3002	0.3322	0.1388	132.8	"{""skeleton"": {""envelope"": {""irregularity"": 0.1}, ""habit"": {""lateralsPerStation"": 1}}}"
sweep	2	sweep:irregularity:up	2f55b276c280	False	True		0.1893	13.2	32.0	1.016	5930600	2714635	0.75	0.0955	0.4819	0.2	66.8	0.7341	0.2997	0.3382	0.1363	132.6	"{""skeleton"": {""envelope"": {""irregularity"": 0.26}, ""habit"": {""lateralsPerStation"": 1}}}"
sweep	2	sweep:spread:down	460e8e586e18	False	True		0.1766	11.4	31.99	1.016	5072640	2283127	0.6722	0.0966	0.4851	0.203	71.4	0.6957	0.303	0.3194	0.1404	132.9	"{""skeleton"": {""envelope"": {""spread"": 0.32}, ""habit"": {""lateralsPerStation"": 1}}}"
sweep	2	sweep:spread:up	833eb7bb8389	False	True		0.2091	14.6	32.01	1.016	6694200	3090037	0.743	0.0946	0.5064	0.1988	64.4	0.7291	0.2976	0.3635	0.1261	131.4	"{""skeleton"": {""envelope"": {""spread"": 0.4}, ""habit"": {""lateralsPerStation"": 1}}}"
sweep	2	sweep:crown_base:down	6f9adc02164e	False	True		0.1822	12.6	31.99	1.016	5766160	2600618	0.7518	0.0957	0.4726	0.1999	68.6	0.7353	0.3009	0.3305	0.1395	133.1	"{""skeleton"": {""envelope"": {""crownBase"": 0.02}, ""habit"": {""lateralsPerStation"": 1}}}"
sweep	2	sweep:crown_base:up	a1dc4a9137a8	False	True		0.1527	10.8	31.95	1.016	4610400	2176301	0.7524	0.0949	0.4494	0.2381	80.9	0.7502	0.2984	0.3082	0.1485	136.3	"{""skeleton"": {""envelope"": {""crownBase"": 0.1}, ""habit"": {""lateralsPerStation"": 1}}}"
sweep	2	sweep:short_shoot_leaves:down	f435325860d1	False	True		0.1838	10.9	31.99	1.016	5928360	2067363	0.7518	0.0957	0.4753	0.202	68.9	0.7341	0.2997	0.3354	0.1357	132.7	"{""canopy"": {""shortShootLeaves"": 6}, ""skeleton"": {""habit"": {""lateralsPerStation"": 1}}}"
sweep	2	sweep:short_shoot_leaves:up	a5bbe993add1	False	False	"placement: InvalidInput(""short shoot leaves"")"		0.3															"{""canopy"": {""shortShootLeaves"": 10}, ""skeleton"": {""habit"": {""lateralsPerStation"": 1}}}"
sweep	2	sweep:short_shoot_spacing:down	9c5f48b6f34b	False	True		0.193	17.2	31.99	1.016	5928360	3981325	0.7506	0.0956	0.4866	0.2009	64.4	0.7353	0.3009	0.3359	0.135	132.7	"{""canopy"": {""shortShootSpacing"": 0.02}, ""skeleton"": {""habit"": {""lateralsPerStation"": 1}}}"
sweep	2	sweep:short_shoot_spacing:up	79ad757e2ca1	False	True		0.182	10.8	31.99	1.016	5928360	2066767	0.7512	0.0957	0.472	0.2025	69.4	0.7347	0.2999	0.3352	0.1365	132.9	"{""canopy"": {""shortShootSpacing"": 0.04}, ""skeleton"": {""habit"": {""lateralsPerStation"": 1}}}"
sweep	2	sweep:limb_clumping:down	934dc458a81e	False	True		0.1901	13.7	31.99	1.016	5928360	3024403	0.7512	0.0957	0.481	0.2014	65.1	0.7341	0.2997	0.3357	0.1356	132.7	"{""canopy"": {""limbClumping"": 0.15}, ""skeleton"": {""habit"": {""lateralsPerStation"": 1}}}"
sweep	2	sweep:limb_clumping:up	5287f9cb95e2	False	True		0.1835	12.3	31.99	1.016	5928360	2414938	0.7518	0.0957	0.475	0.2015	69.3	0.7353	0.3002	0.3351	0.1356	132.8	"{""canopy"": {""limbClumping"": 0.35}, ""skeleton"": {""habit"": {""lateralsPerStation"": 1}}}"
sweep	2	sweep:compound	980d47197899	False	True		0.1756	6.4	31.99	1.016	3400480	896567	0.7304	0.096	0.372	0.2674	83.6	0.7187	0.303	0.2675	0.1641	136.3	"{""canopy"": {""limbClumping"": 0.35, ""shortShootLeaves"": 6, ""shortShootSpacing"": 0.04}, ""skeleton"": {""envelope"": {""crownBase"": 0.06, ""irregularity"": 0.1, ""spread"": 0.32}, ""habit"": {""lateralPitch"": 22.0, ""lateralsPerStation"": 1, ""twigTipTaper"": 0.15}, ""twigs"": {""laterals"": 3, ""lengthRatio"": 0.18}}}"
sweep	3	sweep:lateral_pitch:down	4612f1747336	False	True		0.1641	12.0	31.94	1.016	5370920	2468645	0.7265	0.0947	0.4244	0.2832	82.0	0.7531	0.298	0.2973	0.1725	136.4	"{""skeleton"": {""envelope"": {""crownBase"": 0.1}, ""habit"": {""lateralPitch"": 22.0, ""lateralsPerStation"": 1}}}"
sweep	3	sweep:lateral_pitch:up	518393630107	False	True		0.1685	9.9	31.92	1.016	4163520	1970687	0.759	0.095	0.4733	0.2022	80.5	0.7428	0.2986	0.3101	0.1398	140.6	"{""skeleton"": {""envelope"": {""crownBase"": 0.1}, ""habit"": {""lateralPitch"": 34.0, ""lateralsPerStation"": 1}}}"
sweep	3	sweep:laterals_per_station:up	861e6059ecf8	False	True		0.1925	18.2	32.03	1.016	8476480	3921504	0.7566	0.0955	0.4763	0.2021	64.3	0.7361	0.2988	0.3648	0.1433	127.4	"{""skeleton"": {""envelope"": {""crownBase"": 0.1}, ""habit"": {""lateralsPerStation"": 2}}}"
sweep	3	sweep:crookedness:down	d819106be23b	False	True		0.1565	10.7	32.0	1.016	4573320	2165993	0.7416	0.0951	0.4297	0.2241	75.5	0.7273	0.2997	0.3013	0.1384	134.7	"{""skeleton"": {""envelope"": {""crownBase"": 0.1}, ""habit"": {""crookedness"": 0.0, ""lateralsPerStation"": 1}}}"
sweep	3	sweep:crookedness:up	57a8833408b4	False	True		0.1506	10.8	32.11	1.016	4625360	2162188	0.7626	0.0955	0.4448	0.2288	79.7	0.7473	0.2996	0.3078	0.1405	135.2	"{""skeleton"": {""envelope"": {""crownBase"": 0.1}, ""habit"": {""crookedness"": 6.0, ""lateralsPerStation"": 1}}}"
sweep	3	sweep:twig_tip_taper:down	088614b2549b	False	True		0.1533	10.8	31.95	1.016	4610400	2176306	0.7524	0.0949	0.4493	0.2381	80.9	0.7502	0.2984	0.3071	0.146	136.4	"{""skeleton"": {""envelope"": {""crownBase"": 0.1}, ""habit"": {""lateralsPerStation"": 1, ""twigTipTaper"": 0.15}}}"
sweep	3	sweep:twig_tip_taper:up	2fa01192d939	False	True		0.1525	10.8	31.95	1.016	4610400	2176300	0.7524	0.0949	0.4495	0.2381	80.9	0.749	0.298	0.3089	0.1483	136.2	"{""skeleton"": {""envelope"": {""crownBase"": 0.1}, ""habit"": {""lateralsPerStation"": 1, ""twigTipTaper"": 0.35}}}"
sweep	3	sweep:twig_laterals:down	bf2473bcb73b	False	True		0.1577	8.7	32.0	1.016	3430560	1691294	0.756	0.0951	0.436	0.2383	84.2	0.7404	0.2989	0.2928	0.1432	138.3	"{""skeleton"": {""envelope"": {""crownBase"": 0.1}, ""habit"": {""lateralsPerStation"": 1}, ""twigs"": {""laterals"": 3}}}"
sweep	3	sweep:twig_laterals:up	d9c73c415781	False	True		0.1557	12.6	32.0	1.016	5829080	2666617	0.7526	0.0949	0.456	0.2344	78.5	0.7457	0.299	0.3263	0.1444	134.9	"{""skeleton"": {""envelope"": {""crownBase"": 0.1}, ""habit"": {""lateralsPerStation"": 1}, ""twigs"": {""laterals"": 5}}}"
sweep	3	sweep:twig_length_ratio:down	ca96b9203181	False	True		0.1592	9.0	31.94	1.016	3517160	1805671	0.7518	0.0949	0.4331	0.2451	84.0	0.7488	0.2982	0.284	0.1419	139.0	"{""skeleton"": {""envelope"": {""crownBase"": 0.1}, ""habit"": {""lateralsPerStation"": 1}, ""twigs"": {""lengthRatio"": 0.18}}}"
sweep	3	sweep:twig_length_ratio:up	494b72523e37	False	True		0.1554	12.4	31.99	1.016	6206800	2510546	0.7528	0.0951	0.4608	0.2332	79.3	0.7428	0.2989	0.3346	0.1448	133.1	"{""skeleton"": {""envelope"": {""crownBase"": 0.1}, ""habit"": {""lateralsPerStation"": 1}, ""twigs"": {""lengthRatio"": 0.28}}}"
sweep	3	sweep:irregularity:down	94164a320111	False	True		0.1482	10.7	31.97	1.016	4619120	2173608	0.746	0.0952	0.4513	0.2316	78.1	0.7525	0.2986	0.3052	0.1484	136.4	"{""skeleton"": {""envelope"": {""crownBase"": 0.1, ""irregularity"": 0.1}, ""habit"": {""lateralsPerStation"": 1}}}"
sweep	3	sweep:irregularity:up	6796ec622b87	False	True		0.1517	11.0	31.95	1.016	4733560	2228087	0.7626	0.0947	0.4524	0.2294	79.6	0.7473	0.2981	0.3145	0.1405	135.1	"{""skeleton"": {""envelope"": {""crownBase"": 0.1, ""irregularity"": 0.26}, ""habit"": {""lateralsPerStation"": 1}}}"
sweep	3	sweep:spread:down	9ba2e1f70f7f	False	True		0.1451	9.4	31.99	1.016	4031800	1865595	0.6737	0.0956	0.4541	0.2442	82.8	0.7175	0.3015	0.2914	0.1618	137.2	"{""skeleton"": {""envelope"": {""crownBase"": 0.1, ""spread"": 0.32}, ""habit"": {""lateralsPerStation"": 1}}}"
sweep	3	sweep:spread:up	007cba1a7199	False	True		0.1675	12.3	31.84	1.016	5505560	2581742	0.7572	0.094	0.4753	0.2304	77.4	0.7467	0.2947	0.3413	0.1347	134.7	"{""skeleton"": {""envelope"": {""crownBase"": 0.1, ""spread"": 0.4}, ""habit"": {""lateralsPerStation"": 1}}}"
sweep	3	sweep:crown_base:down	4ef1d67043d2	False	True		0.187	13.1	31.99	1.016	5928360	2705974	0.7518	0.0957	0.4783	0.2016	66.9	0.7353	0.3002	0.3353	0.1362	132.8	"{""skeleton"": {""envelope"": {""crownBase"": 0.06}, ""habit"": {""lateralsPerStation"": 1}}}"
sweep	3	sweep:crown_base:up	9380fdd77f6e	False	True		0.1501	11.1	31.99	1.016	4806280	2251310	0.7562	0.095	0.4556	0.2292	78.6	0.7508	0.2979	0.3141	0.1446	135.4	"{""skeleton"": {""envelope"": {""crownBase"": 0.14}, ""habit"": {""lateralsPerStation"": 1}}}"
sweep	3	sweep:short_shoot_leaves:down	bda0ed1adb4b	False	True		0.1578	9.1	31.94	1.016	4610400	1662347	0.7532	0.0949	0.4456	0.2395	81.9	0.7496	0.2982	0.3086	0.1416	136.3	"{""canopy"": {""shortShootLeaves"": 6}, ""skeleton"": {""envelope"": {""crownBase"": 0.1}, ""habit"": {""lateralsPerStation"": 1}}}"
sweep	3	sweep:short_shoot_leaves:up	2492d4720c03	False	False	"placement: InvalidInput(""short shoot leaves"")"		0.3															"{""canopy"": {""shortShootLeaves"": 10}, ""skeleton"": {""envelope"": {""crownBase"": 0.1}, ""habit"": {""lateralsPerStation"": 1}}}"
sweep	3	sweep:short_shoot_spacing:down	b87c61606c2e	False	True		0.1534	14.3	31.95	1.016	4610400	3205715	0.7516	0.0949	0.4579	0.237	77.7	0.7502	0.2984	0.3083	0.1439	136.3	"{""canopy"": {""shortShootSpacing"": 0.02}, ""skeleton"": {""envelope"": {""crownBase"": 0.1}, ""habit"": {""lateralsPerStation"": 1}}}"
sweep	3	sweep:short_shoot_spacing:up	ba15b7632b77	False	True		0.1596	9.2	31.94	1.016	4610400	1662609	0.7522	0.095	0.4438	0.2397	83.0	0.7494	0.2984	0.3086	0.1412	136.3	"{""canopy"": {""shortShootSpacing"": 0.04}, ""skeleton"": {""envelope"": {""crownBase"": 0.1}, ""habit"": {""lateralsPerStation"": 1}}}"
sweep	3	sweep:limb_clumping:down	9265701d2e61	False	True		0.1511	11.4	31.95	1.016	4610400	2400891	0.7524	0.0949	0.4521	0.2382	79.3	0.7502	0.2984	0.3082	0.1485	136.3	"{""canopy"": {""limbClumping"": 0.15}, ""skeleton"": {""envelope"": {""crownBase"": 0.1}, ""habit"": {""lateralsPerStation"": 1}}}"
sweep	3	sweep:limb_clumping:up	5509568b6f5f	False	True		0.1556	10.5	31.95	1.016	4610400	1966078	0.7524	0.0949	0.4465	0.238	82.8	0.7502	0.2984	0.3082	0.1485	136.3	"{""canopy"": {""limbClumping"": 0.35}, ""skeleton"": {""envelope"": {""crownBase"": 0.1}, ""habit"": {""lateralsPerStation"": 1}}}"
sweep	3	sweep:compound	60b61578a5fc	False	True		0.1455	10.6	31.97	1.016	4267840	2195630	0.6844	0.0959	0.4618	0.241	81.2	0.7221	0.3016	0.3004	0.1522	136.3	"{""canopy"": {""limbClumping"": 0.15}, ""skeleton"": {""envelope"": {""crownBase"": 0.14, ""irregularity"": 0.18, ""spread"": 0.32}, ""habit"": {""crookedness"": 6.0, ""lateralsPerStation"": 1, ""twigTipTaper"": 0.35}}}"
