trial	laterals_per_station	lateral_pitch	lateral_spacing	rise_secondary	twig_laterals	twig_length_ratio	rendered	height_m	primaries	primaries_2_to_10m	branches	order4	order5	twigs	placed_leaves	leaf_area_m2	wood_triangles	whole_occupied	whole_centre	bare_occupied	bare_centre	note
round25	4	62.0	1.2	-0.85	8	0.6	yes	16.43	174	27	54512	21392	14689	53043	353885	583.1	6653920	0.4253	70.8	0.4878	86.9	The tree the owner opened the harness on. The photographs read 0.4426 and 83.0 whole, 0.4587 and 91.3 bare.
A	2	45.0	1.2	-0.85	4	0.40	no	15.98	55	13	18224	6541	5396	17771	123553	203.9	2260680					The prior session's proposal taken at its word: a third of the leaf the tree had. Measured only; C2, which is lighter than F and heavier than this, already overshoots the photograph's centre by thirteen levels.
B	2	50.0	1.2	-0.85	6	0.50	no	15.93	76	22	29747	10404	9408	28926	204014	336.3	3878360					A shallower pitch at the same twig budget as G; measured only.
C1	2	45.0	1.0	-0.85	5	0.45	no	16.22	75	12	28945	10783	8258	28288	190351	313.7	3550520					Stations a metre apart away from the leader put the wood back in the interior the round was clearing; lateral_spacing stays at 1.2.
D	3	45.0	1.2	-0.85	5	0.45	no	16.05	88	15	33784	12806	9166	32935	214922	354.2	4145760					Three limbs a station, to see what the count alone costs: 88 primaries against 82 at two and 174 at four. Measured only, so nothing here says how the ring reads.
E	2	40.0	1.2	-0.85	6	0.45	no	16.47	75	10	27845	10265	8580	27139	182143	300.3	3407600					A steeper pitch than the chosen one at a lighter twig budget; measured only.
C2	2	45.0	1.2	-0.85	5	0.45	yes	16.00	64	13	23312	8432	6971	22713	157544	259.7	2865800	0.4262	96.4	0.4202	118.8	Too far: the centre overshoots the photograph's 83.0 by thirteen levels and the bare tree falls well under its occupied share.
G	2	45.0	1.2	-0.85	6	0.50	yes	15.81	73	13	28380	10329	8500	27646	191818	316.2	3470040	0.4158	88.8	0.4717	109.9	Still light: the centre overshoots by six levels.
F	2	45.0	1.2	-0.85	7	0.55	yes	15.89	82	13	33526	12264	10015	32611	226057	372.6	4081120	0.4508	82.2	0.4974	102.9	Shipped as round 26. The whole tree's centre lands on the photograph's own 83.0 and its occupied share is nearer than round 25's was.
