round_dir	species	reference	foliage	photo_width_over_height	still_width_over_height	photo_crown_base	still_crown_base	photo_occupied	still_occupied	photo_outline_deviation	still_outline_deviation	photo_centre_mean	still_centre_mean	still_sha256	pair_sha256
round2	european-beech	B-BARE	hidden	0.7417	0.6931	0.2500	0.2569	0.2813	0.3125			99.9000	155.7000	ebecc9742821fb848e5096135fe207b3883e3b4531654e765264451788175b7c	668d55d5669bf986277945570a2df91d9c7f225e9be01fee9c6c66df5e880f0f
round2	european-beech	B-BASE	hidden	0.6000	0.6681	1.0000	0.0403	0.0454	0.0964			129.7000	93.6000	dbb49351843b5e83959f6415799409e88951acb777209a9c67ad0f75b7658eb3	291fe68abf2fcd9ce3ae708df6c3d39369494fde709b62cc9e82d67efe81e427
round2	european-beech	B-WHOLE	leaf-on	0.6965	0.6864	0.1200	0.0868	0.4566	0.5523			79.7000	82.9000	c33f0f92fe9f41571348f50677dd3c706b3f6303aaecc2c3b4ffaf4e7bd09db3	584902b31ffcc6c0ed166942f8ddf0aac988fcad662bc302c68a1742a2d0b9c1
round2	silver-birch	S-BARE	hidden	0.7018	0.7207	0.1500	0.2451	0.4587	0.2226			91.3000	169.5000	027324c7356b2f4bf0aa697262d71a4b23abbd9c9b1593765f52e5729b4a49ae	c13a7c46d7b7d0acf2f7162ee08812a2197e1a645b1e723ef10038ecd8a1a3f0
round2	silver-birch	S-BARK	hidden	1.0675	0.9028	1.0000	0.0000	0.4708	0.4303			92.4000	182.2000	481ce6e1ed4d7df489f6355d5b6afaf6a125039140fe2f7ea24fadccaab1b60a	c5ecf065f878f8290b001fc1a25c3e084da57153c97303aadd7de43c0073fcb2
round2	silver-birch	S-WHOLE	leaf-on	0.8461	0.8778	0.0800	0.2094	0.4426	0.4026			83.0000	111.3000	217df38498c23cb37c52a35e5e68c5c098bbbbedecaffd07049d3dd696dd55c8	4841f3d00792bc1fda5d4431618a41dcd07cbeffbc145372bd2d6eaceb18eb0f
round3	european-beech	B-BARE	hidden	0.7417	0.6981	0.2500	0.2456	0.2813	0.3903			99.9000	147.1000	15c211d7b258c3a671ddcd5c40c1b95bbbca0144b1e835e5372bea47193cbe52	ff5a4798964797005768ed61f607e68e02c30939045ef281095fc5d571e2e8e8
round3	european-beech	B-BASE	hidden	0.6000	0.6681	1.0000	0.1586	0.0454	0.0952			129.7000	82.9000	9f22c8ef81ed636f15722f75569532f7f1f1dbeb90474fd40c777b200aba2c28	a84524463597e21351e15ce9105cfce9ae4e6600b4212113d83a1e2b7802f68f
round3	european-beech	B-WHOLE	leaf-on	0.6965	0.6924	0.1200	0.0788	0.4566	0.6398			79.7000	50.5000	f2516d9bb5e9b79a15876de38635443c1c1917ca2226a772ff49a00c676fdd83	d0f600b5aa50c37f93ba94a0c8ecd9ca2dd386429adb545a57c726faf28121a7
round3	silver-birch	S-BARE	hidden	0.7018	0.6751	0.1500	0.2239	0.4587	0.3112			91.3000	160.0000	516027a76aae43fd7695c6a4e762dce4aedb0f2c54a4feb9c87b1ccd26175e14	000ccaa9d668536009e38f58edc25c26c1657d85fa41727706b1761603eb0157
round3	silver-birch	S-BARK	hidden	1.0675	0.5819	1.0000	0.0000	0.4708	0.5168			92.4000	183.1000	c38ad42b39a2e0a0e9ef4e945bb87cc261815c59f9290aa305aae67ad25f03ac	cdfcb7b2cdac1a5442582f8eee5f3c75836e3aaad5a71e0e006f035b6d975ddb
round3	silver-birch	S-WHOLE	leaf-on	0.8461	0.9236	0.0800	0.1989	0.4426	0.4675			83.0000	71.9000	03c45bf15685cbc42a03c6670885a3b19d814970d309b2567abbfe9d8e4ff8fa	9f1108f0d545b25729035643ffdfc964bfbe0889e908e5325a500b3f595332cf
round4-fn37	silver-birch	S-BARE	hidden	0.7018	0.6713	0.1500	0.1457	0.4587	0.4107			91.3000	161.2000	dd266a3d9d16e624db2579c03055b0dfbba7b6d7156b45d218b2666fb0714f55	87b4a0d479164d1f68e9a74b7cc8377c07680f5e1d787c1316aae265b5aaef53
round4-fn37	silver-birch	S-BARK	hidden	1.0675	1.3347	1.0000	0.0000	0.4708	0.2727			92.4000	167.6000	6551a80641633d78087c0dab6aadf91a7ee41aaac94546fb579034cc3117d74c	077f5d475500905a03881c7a90a5e447e1c31d950c72ced2e90558432997d6a9
round4-fn37	silver-birch	S-WHOLE	leaf-on	0.8461	0.8819	0.0800	0.1460	0.4426	0.5720			83.0000	85.5000	3342c799848978401b0872c6123fffa021aee1a3ef8344d7250374cfcb38eb13	5c018d8d28d52ac7037d68d784e9f9416f4931f9e0a7dc16826b697540a084ce
round4-fn37b	silver-birch	S-BARE	hidden	0.7018	0.6713	0.1500	0.1401	0.4587	0.4364			91.3000	159.9000	f043f3bf57b842409f46728b7ddef764bdea4b4086870c46451dc79d76b27ba3	ad131f89e722847f19fcd785cb7b7348a0ec6ddd32d16a35dbe7d88addbe6ff9
round4-fn37b	silver-birch	S-BARK	hidden	1.0675	1.3347	1.0000	0.0000	0.4708	0.2807			92.4000	167.6000	6db8dff1ced2b9aea630de5babca58f945a21cc0e859de770d76ee37a70a2f1c	f15c3866a761ffe44ecbbe7fceecde43ea3b6de9d55363ba0c56d6de57a5456d
round4-fn37b	silver-birch	S-WHOLE	leaf-on	0.8461	0.8792	0.0800	0.1321	0.4426	0.5824			83.0000	77.4000	c57750db87f71b9aa860207768ebef0ec0df0e13a5721a17cc1b09f82574ee4a	80cfea9a6624282c2a7eb261c09f7b04f079a3ed8d7f60a76a847671c0a7c527
round5-fn39	european-beech	B-BARE	hidden	0.7417	0.6961	0.2500	0.2449	0.2813	0.3795	0.2937	0.1258	99.9000	147.8000	abf4c49871477346596ccb166ebc4398e7dd03433325e0a8a268def04cd096a9	7972779bd5d8ccdf6606c70e4b3ea4b97004221c1f58d136f7d11e8ba895688a
round5-fn39	european-beech	B-BASE	hidden	0.6000	0.6681	1.0000	0.0250	0.0454	0.0861		0.1361	129.7000	90.8000	f32fc605a471fc333f088199bd820ca743e6f7bd0a624460c96d37f74e97458e	95b7dc13be11793fb43babaed763e9fca6d4663e51b6d2c4cf57052361626e66
round5-fn39	european-beech	B-WHOLE	leaf-on	0.6965	0.6924	0.1200	0.0788	0.4566	0.6508	0.2274	0.1031	79.7000	51.5000	5260c538e13e8901d22280ead13bc1ad4fade649657e1a0c5facdaac8ba4c1d0	216df3bb97bbcff69fc9f1a574a3acfede82c8ca861d1298c3e638d9b7cbdb69
round5-fn39	silver-birch	S-BARE	hidden	0.7018	0.6732	0.1500	0.1320	0.4587	0.4297	0.1676	0.1096	91.3000	159.4000	aa28a6322f0fc6dd7b117b2ed3799dc34a7ab316c5575a9a6df704cf35c86416	f0e55ed75c04f77bc236fd9c46dae39dc3bc733723639b6c46066cecdfb4496a
round5-fn39	silver-birch	S-BARK	hidden	1.0675	1.3347	1.0000	0.0000	0.4708	0.2743	0.1311		92.4000	166.7000	4d4b5f8b482b64cf814b3ba648c40f8880c60cad84c6c4405b7f8b1c65e688e1	8f1b7d6368339b67754f2c239b18229c70801cbf3cc29daf5baa102a72a13adc
round5-fn39	silver-birch	S-WHOLE	leaf-on	0.8461	0.9056	0.0800	0.1405	0.4426	0.5776	0.2189	0.1135	83.0000	77.6000	771e2126c276e04fb4b45b85cbbdbc2120484635038ac47bf865247d3cac4c72	08fd7a082d007a616004a31631804eac39e432e9cbbb6321101fef0256c9fdca
round5b-beech	european-beech	B-BARE	hidden	0.7417	0.7022	0.2500	0.2690	0.2813	0.3790	0.2937	0.0741	99.9000	141.2000	e39877965142af1cca11d32437842a8801ab2e9556e21c22273ffe3278020a0d	0d4f4f4dd7d5022863ec9b7903686774d80acf98fa115207a8525029fec2e34b
round5b-beech	european-beech	B-BASE	hidden	0.6000	0.6681	1.0000	0.0000	0.0454	0.7534		0.2320	129.7000	78.5000	013b08f997ea9b61b4f538096d6768cdb4d95d4130880b53e593bdf9aa9aa762	b3c48e4cbf80bf41649e7cce81db646983b8b2906035f9728b467477c8937f61
round5b-beech	european-beech	B-WHOLE	leaf-on	0.6965	0.6934	0.1200	0.2178	0.4566	0.5979	0.2274	0.0754	79.7000	45.5000	142d849c64c28a365c17507da525c8ac27693586993282dabb5f7f7dea110f9a	b94a2a4252ad36ae22528c0fab41bb6ed5fb9e6c1c1662b26cbc2bc8df67178e
round5c-beech	european-beech	B-BARE	hidden	0.7417	0.7009	0.2500	0.2737	0.2813	0.3524	0.2937	0.0800	99.9000	141.5000	aeecd830589203a5a0dba47ae474a16b7fca0428b058bb0ed7bc48eb97eea8ec	0be8f666ea2d7c6444973ffdc46bb6748da9d729f2b7bd2ec3ce5082fdf9f35b
round5c-beech	european-beech	B-BASE	hidden	0.6000	0.6674	1.0000	0.0000	0.0454	0.7226		0.3771	129.7000	112.2000	1c9daa832f9fbddb6f677e61a70243f9709a9088f2003a52f13bbc41eb70add7	b42c640f9ef4f262a33329bfc883fe722fb9d8e31b947fa2f973174862ffbad2
round5c-beech	european-beech	B-WHOLE	leaf-on	0.6965	0.6926	0.1200	0.0809	0.4566	0.5966	0.2274	0.0981	79.7000	44.3000	d47ce36304101c02a6d59ad1a825942103ff92d7f8725595b479cbb4ff7dd445	dbf4fe2f2001044c60f9e17c6574c5eb5ee928a8c4754214bc2bbb15ff8fa547
round6-fn38	silver-birch	S-BARE	hidden	0.7018	0.6828	0.1500	0.1311	0.4587	0.4495	0.1676	0.0808	91.3000	155.9000	99d0a602d702c3513a45c153c284fb5b8d2e4d38345378c38d9666a463ce0875	18c0526d0e9dc234c681102e9870c386050942be33e1ac15582e301a9beb9445
round6-fn38	silver-birch	S-BARK	hidden	1.0675	1.3347	1.0000	0.0000	0.4708	0.3308	0.1311	0.6092	92.4000	159.6000	887f010f15f9a5b5fdbbd10e423508423934a525a93e4d64587f5f4d9943ad72	c2661f5787ab9e0e67081ea5398f46460960e893f06348ac9132474820bf9ab9
round6-fn38	silver-birch	S-WHOLE	leaf-on	0.8461	0.9158	0.0800	0.1461	0.4426	0.5098	0.2189	0.0959	83.0000	48.8000	4c3e4a87bb54fbc256b594193c96cc9f224e1863edb9f84523ad59cf99e7fe6b	f98c44ac0ed1ec9b047747ee4d41dc7da1a6ed00eab3f3d37620485dec98274e
round6-fn45	european-beech	B-BARE	hidden	0.7417	0.7286	0.2500	0.2868	0.2813	0.4703	0.2937	0.0937	99.9000	125.8000	c62d5a3b192bee504a33b7ab1f46a8235856131f2a6754cbb77ea3764be91116	3d90db5ff54ebc5aa8b9b9113f22c130a5287ef96d76cf2f908d0fa6ae840c5e
round6-fn45	european-beech	B-BASE	hidden	0.6000	0.6674	1.0000	0.7804	0.0454	0.0969		0.1582	129.7000	75.4000	228f50cffa545e802a3a5ead0b38cc826be3a19aec4c0277d34fc2673bf5f8f6	c2866c772d1b0b1857311df2192d1922338c4eaf86d9eaa42f78d888603c0b23
round6-fn45	european-beech	B-WHOLE	leaf-on	0.6965	0.7430	0.1200	0.0884	0.4566	0.5945	0.2274	0.0866	79.7000	47.0000	ace556eb6519c094dba44975d60adc07dfb39bba0b7805f1ede19c1657fc7e70	f8897a98f36c59790da812dfc79bdef651131de6ec495b064030a9a2bc5ebe33
round6b-fn44	silver-birch	S-BARE	hidden	0.7018	0.6742	0.1500	0.1224	0.4587	0.4694	0.1676	0.1152	91.3000	163.1000	f2855581a8780e105fbd1b45fc0ad94b698cdf8ea1423564ce3150882bbd8ceb	ea324b5de9d827ce5f62b44d30d9d4219b8d7e9d80c44973fd0f145dd4343a4a
round6b-fn44	silver-birch	S-BARK	hidden	1.0675	1.3347	1.0000	0.0000	0.4708	0.3014	0.1311	0.8723	92.4000	166.5000	e93f83bcc553f5ae5ddabddedeba488dd1f55b484dbb50255846a5b9b2ed6601	d80ee769bec2c792c56756b2c5111c28c5ebe4dfd8e27fcd54ec069c5813f728
round6b-fn44	silver-birch	S-WHOLE	leaf-on	0.8461	0.9056	0.0800	0.1196	0.4426	0.5692	0.2189	0.1078	83.0000	79.5000	78286af9338ac1ddfa828e51e5c51a4e8971d5233526a4c2d42af557448f561b	399a4c1e46e68e316eb5f56ebf3d2ed8bca55925990f83a01b57ced445d4510f
round7-birch	silver-birch	S-BARE	hidden	0.7018	0.6895	0.1500	0.1964	0.4587	0.4634	0.1676	0.0917	91.3000	166.5000	6c32fffc55cfbd7d07cae3b7582d2ec67b4cfba1559a1e3efa02f4633fca1be6	e765b45e35276152fb679ed61d0ead993db97385330b8571a1bd5bf8ec432543
round7-birch	silver-birch	S-BARK	hidden	1.0675	1.0264	1.0000	0.0000	0.4708	0.3770	0.1311	0.7231	92.4000	154.2000	af4c043c44538d9f2992e664a0c74f7a833f4b42d001dc7aa759f1b04972aa7e	a99d016427899f19ce6f32627fa968dfcce9c7483b61f934c2c22c5b4c2a0a9c
round7-birch	silver-birch	S-WHOLE	leaf-on	0.8461	0.8553	0.0800	0.2064	0.4426	0.4639	0.2189	0.1168	83.0000	89.1000	6b000631bd0217631f9d034faf28a3cbcc410e669b2f323cee4addeba1c28264	ba5eb65011595f535deadd83b8d8de5b02df752bf7151d6113b1a61288333928
round8-fn46	silver-birch	S-BARE	hidden	0.7018	0.6957	0.1500	0.2220	0.4587	0.5182	0.1676	0.0924	91.3000	70.6000	45f05b7a828b5d79142dfaf2e5c2d3160ee0a68759c888acb80d6f98ce03ca8b	893eb7abc8bd64c10f873927be0075d22f695d977372e3b0d69f0bc99b5b90a3
round8-fn46	silver-birch	S-BARK	hidden	1.0675	1.1229	1.0000	0.0000	0.4708	0.3441	0.1311	0.7308	92.4000	153.1000	244bae46cc4fe4b5b41808b10c5ec0b4608702ac84aef320d7a55db33f400129	02f1af26dc36cd0e1cc3281ba6b0e6663020324b4dd2d5f2750519e7a11e620e
round8-fn46	silver-birch	S-WHOLE	leaf-on	0.8461	0.9386	0.0800	0.2069	0.4426	0.4243	0.2189	0.1297	83.0000	35.3000	11764aeecae845d08e48a5beb5a4609402b159feccb289ba1c4b2423271b8db7	a7e8c1c0ff0ab464e7fb1b8c08e18e058868531f75538756b9382a3a256f2bab
round8b-fn47	silver-birch	S-BARE	hidden	0.7018	0.6909	0.1500	0.2016	0.4587	0.4232	0.1676	0.0913	91.3000	161.6000	fa478fe73f0751717d0814a2f245baf76eade6943d7bdd54103e1e213016f156	f4f57733d0e8311163671ae990fe8e3bab714034128f3b17935ca01f9ffc4501
round8b-fn47	silver-birch	S-BARK	hidden	1.0675	1.1736	1.0000	0.0000	0.4708	0.3468	0.1311		92.4000	167.7000	f400d6fd70615f3d113c64665675c4577f939d69f0831be65e4edb6587a1c004	444fc52c67838a86930ea54f401eb46d609e01d6ff94705799920507a58964f8
round8b-fn47	silver-birch	S-WHOLE	leaf-on	0.8461	0.9544	0.0800	0.2051	0.4426	0.3868	0.2189	0.1347	83.0000	94.9000	231bb7beaeb4a1bedd1ce8de6ca0354b0f7c3943c5bc32bddbf71599368737c7	413769b7f99e482abc8a6ddf3df7a9d8b13e187665dc03137d182fe054bbeee1
round8c-merge	european-beech	B-BARE	hidden	0.7417	0.7280	0.2500	0.2896	0.2813	0.4890	0.2937	0.0941	99.9000	121.2000	b43875d00a7d193f72bbd580d99d6ba8f9625aa4f96785d52e496bf8ccb73a43	883043bdf450a7664985ae342e64b57cbdaf69b30ba1deb4f0ff0bfdefce4eb0
round8c-merge	european-beech	B-BASE	hidden	0.6000	0.6674	1.0000	0.7804	0.0454	0.0969		0.1582	129.7000	75.4000	228f50cffa545e802a3a5ead0b38cc826be3a19aec4c0277d34fc2673bf5f8f6	c2866c772d1b0b1857311df2192d1922338c4eaf86d9eaa42f78d888603c0b23
round8c-merge	european-beech	B-WHOLE	leaf-on	0.6965	0.7430	0.1200	0.0884	0.4566	0.5770	0.2274	0.0848	79.7000	44.9000	41e8a77bbc5c749083d0cbd21c40ea9429d480f70a241173cbe157037d534c58	85e56cdc39246772ce86b55a4dd65b458d927b0daf96218726ce42cacae12884
round8c-merge	silver-birch	S-BARE	hidden	0.7018	0.6957	0.1500	0.2220	0.4587	0.5182	0.1676	0.0924	91.3000	70.6000	45f05b7a828b5d79142dfaf2e5c2d3160ee0a68759c888acb80d6f98ce03ca8b	893eb7abc8bd64c10f873927be0075d22f695d977372e3b0d69f0bc99b5b90a3
round8c-merge	silver-birch	S-BARK	hidden	1.0675	1.1229	1.0000	0.0000	0.4708	0.3441	0.1311	0.7308	92.4000	153.1000	244bae46cc4fe4b5b41808b10c5ec0b4608702ac84aef320d7a55db33f400129	02f1af26dc36cd0e1cc3281ba6b0e6663020324b4dd2d5f2750519e7a11e620e
round8c-merge	silver-birch	S-WHOLE	leaf-on	0.8461	0.9386	0.0800	0.2069	0.4426	0.4243	0.2189	0.1297	83.0000	35.3000	11764aeecae845d08e48a5beb5a4609402b159feccb289ba1c4b2423271b8db7	a7e8c1c0ff0ab464e7fb1b8c08e18e058868531f75538756b9382a3a256f2bab
round9-fn51	silver-birch	S-BARE	hidden	0.7018	0.7021	0.1500	0.1454	0.4587	0.4713	0.1676	0.0652	91.3000	161.9000	67cb4f0f312436b2145b3a8a5ce26845beb2ab5b6a244b055252a156fae5ad86	ad5ff29d0d63f72cac70f8f9943de39cade42cf406d8b39f34cc1a9840da42e8
round9-fn51	silver-birch	S-BARK	hidden	1.0675	1.3347	1.0000	0.0000	0.4708	0.3214	0.1311	0.4380	92.4000	165.2000	daa14193dc5b585a98b5fed9d0c01d8c433f5892cb2a7820cb08e243b3845cd1	1319e7e29e3728460f2bcc815b2b543d6054ac7c1ffe1386c4a1b56984c8927d
round9-fn51	silver-birch	S-WHOLE	leaf-on	0.8461	0.9471	0.0800	0.1415	0.4426	0.4354	0.2189	0.1044	83.0000	93.8000	17f9a3943c361c35eae01fed76984b1615ae90fb06b8509f4c59b8f0e8160be4	06124dbfffa546ae7d794ad44ae1a259d7a1ca5977a1308d28af00a480e5b3ef
round9b-fn48	silver-birch	S-BARE	hidden	0.7018	0.6809	0.1500	0.2278	0.4587	0.4894	0.1676	0.1067	91.3000	75.4000	e9820e016261aac835bf2a4272db0632cb0dd864aaf78c51372a9078607fe70e	35d5d3aabbbe44475c0ea4997027a5eec800f3adca006756cfcaa9220ac366dd
round9b-fn48	silver-birch	S-BARK	hidden	1.0675	1.2125	1.0000	0.0000	0.4708	0.2995	0.1311		92.4000	176.2000	a726e01a981d1249dcf6e788a15375511aa50c9eef7346ef76d73389afbd586a	f95d916760424bb210f626ed7e546b78aa06186e9d55553dc280bea5d0e6f33d
round9b-fn48	silver-birch	S-WHOLE	leaf-on	0.8461	0.8503	0.0800	0.1997	0.4426	0.4479	0.2189	0.1147	83.0000	41.8000	ff9b3681dd2b5b576659bbff92e1461d25ad45b2a3e5487609c6dd1f32512839	e9225bc5e7406c9ab9e341f2c263adfb02f2f7aef8ba49535f6eaeca2868f495
round10-fn52	european-beech	B-BARE	hidden	0.7417	0.7280	0.2500	0.2896	0.2813	0.4890	0.2937	0.0941	99.9000	121.2000	b43875d00a7d193f72bbd580d99d6ba8f9625aa4f96785d52e496bf8ccb73a43	883043bdf450a7664985ae342e64b57cbdaf69b30ba1deb4f0ff0bfdefce4eb0
round10-fn52	european-beech	B-BASE	hidden	0.6000	0.6674	1.0000	0.7804	0.0454	0.0969		0.1582	129.7000	75.4000	228f50cffa545e802a3a5ead0b38cc826be3a19aec4c0277d34fc2673bf5f8f6	c2866c772d1b0b1857311df2192d1922338c4eaf86d9eaa42f78d888603c0b23
round10-fn52	european-beech	B-WHOLE	leaf-on	0.6965	0.7430	0.1200	0.0884	0.4566	0.6136	0.2274	0.0876	79.7000	65.6000	7b03c731a724b02a762eeb6f6977f0969b1c8a9b595081b96e3a02d5e46e3bc4	76166df0d35d864f192dd1f7cc97fa6e509df6bd6a854da3f25a229a22595d70
round10-fn52	silver-birch	S-BARE	hidden	0.7018	0.6957	0.1500	0.2220	0.4587	0.5182	0.1676	0.0924	91.3000	70.6000	45f05b7a828b5d79142dfaf2e5c2d3160ee0a68759c888acb80d6f98ce03ca8b	893eb7abc8bd64c10f873927be0075d22f695d977372e3b0d69f0bc99b5b90a3
round10-fn52	silver-birch	S-BARK	hidden	1.0675	1.1229	1.0000	0.0000	0.4708	0.3441	0.1311	0.7308	92.4000	153.1000	244bae46cc4fe4b5b41808b10c5ec0b4608702ac84aef320d7a55db33f400129	02f1af26dc36cd0e1cc3281ba6b0e6663020324b4dd2d5f2750519e7a11e620e
round10-fn52	silver-birch	S-WHOLE	leaf-on	0.8461	0.9386	0.0800	0.2069	0.4426	0.4193	0.2189	0.1291	83.0000	58.5000	ea1736244dda2e0737f8d7e654077892aae20193733bf8f008082bac3006941a	ef674abf2a12ed16b9ef3128ac2af084915a4ca72627c925089dbeac0f974659
round11-beech	european-beech	B-BARE	hidden	0.7417	0.7280	0.2500	0.2441	0.2813	0.4295	0.2937	0.0748	99.9000	123.7000	02c4a43fa9cba3b05e36d8c5ef51b1bb9a802660b2b175eafa6118a90d2f9be7	2650b0a37822d2cc104a826348a8d9763e7c518013d8de1130100262a90d0b4e
round11-beech	european-beech	B-BASE	hidden	0.6000	1.1377	1.0000	0.0000	0.0454	0.0050			129.7000	181.8000	4fd81627170c763725a3f1c80807b04f0776308836b3eb0c1f7ded19de2f3d49	95df3aae53b286a68eba70998e7228cec8ab1b2bb7d8c94ac82930bb3006d334
round11-beech	european-beech	B-WHOLE	leaf-on	0.6965	0.7430	0.1200	0.0930	0.4566	0.6480	0.2274	0.0734	79.7000	35.1000	0cf53feb07e494a529b025dc0a3a0aafd6a9b1e18ea40c20efa851646defa83f	6ca7539d7a20cb9ee6cb26acb691c0a751f81be2975bac0ca84fdeaae5195d55
round12-fn50	european-beech	B-BARE	hidden	0.7417	0.7226	0.2500	0.2438	0.2813	0.4382	0.2937	0.0726	99.9000	123.2000	19b608513c49a806c347e7abad8fff0a0936192c4c2518ee27721c07588d8caa	348f2d452c57e747546919ad3f8a6c0abfd06408477c8bda94a089120a494738
round12-fn50	european-beech	B-BASE	hidden	0.6000	0.6674	1.0000	0.1063	0.0454	0.0921		0.1396	129.7000	101.1000	0f306dd64dad7700baefd8198284e6549761a0fa831de03281831b779c8d4f62	2d5820dd8abaead1073dc80053e78dca485bb51db31084e21f83951f24f0a23b
round12-fn50	european-beech	B-WHOLE	leaf-on	0.6965	0.7407	0.1200	0.0928	0.4566	0.5987	0.2274	0.0737	79.7000	22.1000	d5ee39230fc3635392143622918b74d5aefb2f13ca65f5b1352b7c5a6c089ca0	38dadb5e7a6b5e2a1ebefedcb35ac197946eb57df3e3ef37a71dc07bcc019034
round13-birch	silver-birch	S-BARE	hidden	0.7018	0.6784	0.1500	0.1676	0.4587	0.5298	0.1676	0.0847	91.3000	81.0000	18bb90f9d78f663f82b891032e689d7001d414867c83116b5378615ee699b18e	2fab9ea4231ef035c47fa0aee3b9b5c3025539d20ad55c5ce9e1796f3c8351de
round13-birch	silver-birch	S-BARK	hidden	1.0675	1.3347	1.0000	0.0000	0.4708	0.3131	0.1311	0.5054	92.4000	166.6000	e20d2f30fc2c1a16af5dbc9085c7ebc9063a12059b1ff49831f647c2bf1c4fb3	5b51f678c0f0fd8a4870ef9b2d44122b36812937343c4dcf21dc74e8147dedc0
round13-birch	silver-birch	S-WHOLE	leaf-on	0.8461	0.8712	0.0800	0.1429	0.4426	0.4852	0.2189	0.1057	83.0000	46.8000	8d7f92815cf1a838d6798f9504b17d621f9a3a306d1bb8e6d4ace00f687b68e4	4182f0af72e78742e52940a57d89585230e846f64c279a8d8fd933f486c59ba0
round14-merge	european-beech	B-BARE	hidden	0.7417	0.7280	0.2500	0.2441	0.2813	0.4295	0.2937	0.0748	99.9000	123.7000	02c4a43fa9cba3b05e36d8c5ef51b1bb9a802660b2b175eafa6118a90d2f9be7	2650b0a37822d2cc104a826348a8d9763e7c518013d8de1130100262a90d0b4e
round14-merge	european-beech	B-BASE	hidden	0.6000	0.6674	1.0000	0.0570	0.0454	0.0919		0.1430	129.7000	101.0000	6dde3e8da12ef115b12a3baed56337cde493710afea67df7088841a1123ceec1	40c9df6c5c08f65c01285fd73d6fc6281d304f32b267a348f248e43a9b2f41be
round14-merge	european-beech	B-WHOLE	leaf-on	0.6965	0.7430	0.1200	0.0930	0.4566	0.6480	0.2274	0.0734	79.7000	35.1000	0cf53feb07e494a529b025dc0a3a0aafd6a9b1e18ea40c20efa851646defa83f	6ca7539d7a20cb9ee6cb26acb691c0a751f81be2975bac0ca84fdeaae5195d55
round14-merge	silver-birch	S-BARE	hidden	0.7018	0.6784	0.1500	0.1676	0.4587	0.5298	0.1676	0.0847	91.3000	81.0000	18bb90f9d78f663f82b891032e689d7001d414867c83116b5378615ee699b18e	2fab9ea4231ef035c47fa0aee3b9b5c3025539d20ad55c5ce9e1796f3c8351de
round14-merge	silver-birch	S-BARK	hidden	1.0675	1.3347	1.0000	0.0000	0.4708	0.3131	0.1311	0.5054	92.4000	166.6000	e20d2f30fc2c1a16af5dbc9085c7ebc9063a12059b1ff49831f647c2bf1c4fb3	5b51f678c0f0fd8a4870ef9b2d44122b36812937343c4dcf21dc74e8147dedc0
round14-merge	silver-birch	S-WHOLE	leaf-on	0.8461	0.8712	0.0800	0.1429	0.4426	0.4852	0.2189	0.1057	83.0000	46.8000	8d7f92815cf1a838d6798f9504b17d621f9a3a306d1bb8e6d4ace00f687b68e4	4182f0af72e78742e52940a57d89585230e846f64c279a8d8fd933f486c59ba0
round15-birch	silver-birch	S-BARE	hidden	0.7018	0.6751	0.1500	0.1935	0.4587	0.5306	0.1676	0.0933	91.3000	71.6000	27e3d0bef8c20e3dc4ce2dfb6c93c9ec1f248cf7c3bab82ed0338a5431f69220	651f52bf763ead1568eceeb0eed913f56927023ebd90c3ffb0d6067f812697e9
round15-birch	silver-birch	S-BARK	hidden	1.0675	1.3347	1.0000	0.0000	0.4708	0.3781	0.1311	0.2725	92.4000	168.5000	dd4e8ace4c39a165e98904f1f22d8c674c17988df02a96c228a5ad31ac797d70	cf6fa81cc4e6b30e443bf1dfba49cb729a2144939bef067aaa541ba6d345e85d
round15-birch	silver-birch	S-WHOLE	leaf-on	0.8461	0.8951	0.0800	0.1883	0.4426	0.4604	0.2189	0.1146	83.0000	43.6000	7b47facfd5bae94f68fa4b91477763aaee3fcf2b21ad551b701c4ff7805b8136	3e68b12f07b80d818a51616def9b5c9ecc82419428db947d15410086ff6bf9cb
round15b-fn48	silver-birch	S-BARE	hidden	0.7018	0.6718	0.1500	0.1618	0.4587	0.5183	0.1676	0.0987	91.3000	78.8000	ee36a706cc305588954360206bd4ee1844595feec69d8470efb6664bb3634c8e	3c980c827f7f96343f360a01b9abdb4bc8037d6d2fbd04ab64db7b6a64a5c84b
round15b-fn48	silver-birch	S-BARK	hidden	1.0675	1.3347	1.0000	0.0000	0.4708	0.2853	0.1311		92.4000	166.3000	900ad63ae0103e75f14bf249475e00039e9d1977dd385676bf2170efaf61c606	3483149a09e0719d357a314ef68c37681704a940884851986ef0895692a3bd50
round15b-fn48	silver-birch	S-WHOLE	leaf-on	0.8461	0.8854	0.0800	0.1404	0.4426	0.4665	0.2189	0.1106	83.0000	43.7000	908504eaaf58ceb054ba50daa547b04021b40b165db7cdba53c4c9ecf79be2d6	c77b92de9876f2b288610f79902883734f74984d8daddd7669793487f79773d1
round16-fn40	european-beech	B-BARE	hidden	0.7417	0.7280	0.2500	0.2312	0.2813	0.4182	0.2937	0.0758	99.9000	137.4000	59c47cf6b5dbcb701299dbee72e84aeb5cfc71c553802cb98e01d8da546c9f39	7e1d98fd923597de18496962906e68bf186215f9aee4e54674a376d865d5a8f4
round16-fn40	european-beech	B-BASE	hidden	0.6000	0.6674	1.0000	0.0410	0.0454	0.1958		0.1485	129.7000	121.9000	368b0192f8a9cf74b6aa86b304df92cdfda22449e0899ff4903f1ba01b6a1fb4	2e580141724cd1d05a5fd091a7e036d06df4c08505d05985b9317120247f9dc1
round16-fn40	european-beech	B-WHOLE	leaf-on	0.6965	0.7430	0.1200	0.0930	0.4566	0.6540	0.2274	0.0735	79.7000	41.2000	0401cd7197d0c39f8c4fc457009b9c1eeef90d2df653d94792dc711926f77fd5	3998849dbe5ebc96d19857bf8dcf5e537b3cf048edb1137591375c56e92802c8
round16-fn40	silver-birch	S-BARE	hidden	0.7018	0.6799	0.1500	0.1956	0.4587	0.5053	0.1676	0.0852	91.3000	95.6000	0bb84862e0c18136931b87be3881f45ec3e15057c446ea0a032e732c5e641463	f49f8590738c380bb91478e6e13d1e5602b5f9a4898f0775073c351228f60fbf
round16-fn40	silver-birch	S-BARK	hidden	1.0675	1.3347	1.0000	0.0000	0.4708	0.3099	0.1311	0.4958	92.4000	130.5000	8d6803f5c88f5675874a0208640f9a47a4c593fb252b121c7f8af137c4ffb49d	b41308d9cb2bb1b7898732eaa6816e1573d33dda1de5727c2c5fb1b7aa3fef6c
round16-fn40	silver-birch	S-WHOLE	leaf-on	0.8461	0.8712	0.0800	0.1429	0.4426	0.4806	0.2189	0.1055	83.0000	52.4000	954410204d57a4d237e2ba369bf5919cb3c0607ac194e225ade2bdaa848b54a6	391a5870b8625f44d79b55bdc0d4288ecd2e25f6bc355489bc28be3688f322f9
round17-merge	european-beech	B-BARE	hidden	0.7417	0.7226	0.2500	0.2438	0.2813	0.4382	0.2937	0.0726	99.9000	123.2000	19b608513c49a806c347e7abad8fff0a0936192c4c2518ee27721c07588d8caa	348f2d452c57e747546919ad3f8a6c0abfd06408477c8bda94a089120a494738
round17-merge	european-beech	B-BASE	hidden	0.6000	0.6674	1.0000	0.1063	0.0454	0.0921		0.1396	129.7000	101.1000	0f306dd64dad7700baefd8198284e6549761a0fa831de03281831b779c8d4f62	2d5820dd8abaead1073dc80053e78dca485bb51db31084e21f83951f24f0a23b
round17-merge	european-beech	B-WHOLE	leaf-on	0.6965	0.7407	0.1200	0.0928	0.4566	0.6697	0.2274	0.0715	79.7000	56.5000	c0f91c133180cca8f9e7513df0398d596c2c1976db165d6eb5dce83f94170bed	dca907f5fd61e244b72db98595d128897e27ca30552615367a82551fa9dd38c1
round17-merge	silver-birch	S-BARE	hidden	0.7018	0.6784	0.1500	0.1676	0.4587	0.5298	0.1676	0.0847	91.3000	81.0000	18bb90f9d78f663f82b891032e689d7001d414867c83116b5378615ee699b18e	2fab9ea4231ef035c47fa0aee3b9b5c3025539d20ad55c5ce9e1796f3c8351de
round17-merge	silver-birch	S-BARK	hidden	1.0675	1.3347	1.0000	0.0000	0.4708	0.3131	0.1311	0.5054	92.4000	166.6000	e20d2f30fc2c1a16af5dbc9085c7ebc9063a12059b1ff49831f647c2bf1c4fb3	5b51f678c0f0fd8a4870ef9b2d44122b36812937343c4dcf21dc74e8147dedc0
round17-merge	silver-birch	S-WHOLE	leaf-on	0.8461	0.8718	0.0800	0.1471	0.4426	0.4767	0.2189	0.1071	83.0000	70.8000	1e0ad99a5722d2b57e9111757d1acf14cd0b52453d569a5b582b20f1d6666b33	3b89e00d1ab5b33c49bf920fbbbd365471833b358ec4a22e99e5fe889d25e276
round18-beech	european-beech	B-BARE	hidden	0.7417	0.7231	0.2500	0.2387	0.2813	0.4390	0.2937	0.0724	99.9000	123.3000	0c37a5d0e785a125fa0daf94374bb09b04d7845a18aa57a7e48e27e479521dce	a8c5a1f9b6e42dbdade8655859a44bd3f337b97ac9aa7a0d3d09a803e8d306a6
round18-beech	european-beech	B-BASE	hidden	0.6000	0.6674	1.0000	0.1063	0.0454	0.0921		0.1426	129.7000	101.1000	3e9e31d0f3706cfb3fb576c9f746f839e2e604ae21ad7a3de213a0d80bb2082a	60c2e5122056901bc2d9b9592bde981f0887e3acfd1c118c70b69c73ac0c4655
round18-beech	european-beech	B-WHOLE	leaf-on	0.6965	0.7372	0.1200	0.0923	0.4566	0.6666	0.2274	0.0726	79.7000	62.8000	0195c00d9861d1d76a1eaac9c865d7eb60127f2b4b1e2d8c9d2bbccaa44c74f5	786f3a6e8a1a647a0d5905dcf6ffd855ebe7629356ba28d088eca3848549c723
round19-fn54	european-beech	B-BARE	hidden	0.7417	0.7358	0.2500	0.3034	0.2813	0.4163	0.2937	0.1244	99.9000	98.7000	c7a4db667d6df72893c258e27ce2a51b4b123a7cdb07a9d8b4889a8f080c3bce	51073ea98c7a7b930854d494bd141323fda688f5f062cedea46e965b7da1b872
round19-fn54	european-beech	B-BASE	hidden	0.6000	0.6674	1.0000	0.0222	0.0454	0.0914		0.1333	129.7000	99.5000	61e424b571d23bd57e414692ea85655c1f8aa277a31bd7e130552bd6dfca4fab	d8d6228363a48a2c1e255bec08427dbb98eda53366a30827e4c11c5ebdd23be6
round19-fn54	european-beech	B-WHOLE	leaf-on	0.6965	0.7510	0.1200	0.0952	0.4566	0.5324	0.2274	0.1700	79.7000	53.2000	1521b60cf86c4a623b644524c5e62c65aa4c1efe948c2742233bc7629d41011e	e7b110b521faf5ea7c6bd720f6bd917ab1e64d52a5c5f376cc99596d1d52ed99
round20-fn48c	silver-birch	S-BARE	hidden	0.7018	0.6718	0.1500	0.1618	0.4587	0.5183	0.1676	0.0988	91.3000	78.8000	1b512704aef5d0679ee41dd409e96c062df1621a61cd589a52aec574e7c31184	bb8d132fdc12885c2d88492e35ce0d608b77351f5f662ae0b1e172b7df932e96
round20-fn48c	silver-birch	S-BARK	hidden	1.0675	1.3347	1.0000	0.0000	0.4708	0.2860	0.1311		92.4000	163.8000	fb450042d60ec976d718b6cca087639929bfe9a36735f54e25cfd8b11be676cd	ad30306fa9bc591f606f30208ad77c26416e1934223392f5f0e656d729ad5fbc
round20-fn48c	silver-birch	S-WHOLE	leaf-on	0.8461	0.8854	0.0800	0.1404	0.4426	0.4665	0.2189	0.1106	83.0000	43.7000	8db863f101b6c16b54359dd3a44075d9f298eefc4404f3e4d1496e9355979192	87888b4130d0aeadb312c7cf3ccf1fb44cce53edf95fc312e52882281a264f38
round21-integration	silver-birch	S-BARE	hidden	0.7018	0.6690	0.1500	0.1960	0.4587	0.4880	0.1676	0.1046	91.3000	86.4000	8c32061600e2d8ee15fb4115138501ddebdfc28b3347a61c245aea4bba583598	91562280e8abe47140f931b96d9a05af203a24fdb7d1d2914b5902df4ea8d37b
round21-integration	silver-birch	S-BARK	hidden	1.0675	1.1222	1.0000	0.0000	0.4708	0.4084	0.1311	0.4400	92.4000	64.9000	a54b1308199ebfd98a3931f9a7f9b0bdbc81be9b97dabe9bced91edb563c776c	62f64e4dbdcb8177d86975b2d012ee1c68b66ecfab388cbc3e3d2db72d102e1a
round21-integration	silver-birch	S-WHOLE	leaf-on	0.8461	0.9049	0.0800	0.1862	0.4426	0.4250	0.2189	0.1180	83.0000	68.7000	8a680f805267e039d137a36580f65c89f9fd4a6e9087200272ffbfee57741025	0e29b98c69a7feea31185d62348cc6d2e87781249a5ee1087c01e15653a81c11
round22-ships	european-beech	B-BARE	hidden	0.7417	0.7358	0.2500	0.3034	0.2813	0.4115	0.2937	0.1130	99.9000	116.3000	4c7373ad697e4038efba254fa08bfa7943207f57979d4e3905c37136bea2ec75	88fd9eea2ce8ebac8dddc00d7236095878cc5a42ebbca9dbebc0271fbc47f626
round22-ships	european-beech	B-BASE	hidden	0.6000	0.6674	1.0000	0.0063	0.0454	0.2172		0.1731	129.7000	120.8000	6a067457b2460f166b59c25ca3a5b29e941822f7aaff37f3589f598d8629439c	1fb3a7ad8306af584b7cdb856fd4204609c0407459a239e0f536e7b5edc00d86
round22-ships	european-beech	B-WHOLE	leaf-on	0.6965	0.7504	0.1200	0.0960	0.4566	0.5321	0.2274	0.1697	79.7000	56.4000	7e69fda3e95b317fcb9d89e15e32179c54fdd316a57d1c3223d6e26639b8b490	64297297eaf2814545e8278bab98b84f7c5dca52228e745ca257afd25a99ad3f
round22-ships	silver-birch	S-BARE	hidden	0.7018	0.6690	0.1500	0.1960	0.4587	0.4880	0.1676	0.1046	91.3000	86.4000	8c32061600e2d8ee15fb4115138501ddebdfc28b3347a61c245aea4bba583598	91562280e8abe47140f931b96d9a05af203a24fdb7d1d2914b5902df4ea8d37b
round22-ships	silver-birch	S-BARK	hidden	1.0675	1.1222	1.0000	0.0000	0.4708	0.4084	0.1311	0.4400	92.4000	64.9000	a54b1308199ebfd98a3931f9a7f9b0bdbc81be9b97dabe9bced91edb563c776c	62f64e4dbdcb8177d86975b2d012ee1c68b66ecfab388cbc3e3d2db72d102e1a
round22-ships	silver-birch	S-WHOLE	leaf-on	0.8461	0.9049	0.0800	0.1862	0.4426	0.4250	0.2189	0.1180	83.0000	68.7000	8a680f805267e039d137a36580f65c89f9fd4a6e9087200272ffbfee57741025	0e29b98c69a7feea31185d62348cc6d2e87781249a5ee1087c01e15653a81c11
round24-birch-bark	silver-birch	S-BARE	hidden	0.7018	0.6690	0.1500	0.1994	0.4587	0.4878	0.1676	0.1042	91.3000	86.9000	5b9645003149a978b487e427d6e0955e0fc595b3482563aa8d3bbd5ab772e275	93f0aeed2afaf600c684500f10d20afe8664638281f91fd260c9f6f375e852e2
round24-birch-bark	silver-birch	S-BARK	hidden	1.0675	1.3347	1.0000	0.0000	0.4708	0.3602	0.1311	0.4943	92.4000	136.1000	758393146c8103d05948466a3b29cc59f528cb01e55ab46625aa388c763c0621	f83b75601ad69b1eaf31b78ca9138938ea63aac456f8562679017fc98787d12e
round24-birch-bark	silver-birch	S-WHOLE	leaf-on	0.8461	0.9049	0.0800	0.1862	0.4426	0.4250	0.2189	0.1180	83.0000	68.9000	09b798d9fc4a0a9d76a1c06cad9e1b451f94a7b6758c37029f22ba1cb95589f2	8aa21cf624d42abe08e471029677c2c052a8382e79882aa3d3b5fc1dc66c4a31
round25-birch-leaf	silver-birch	S-BARE	hidden	0.7018	0.6690	0.1500	0.1960	0.4587	0.4878	0.1676	0.1041	91.3000	86.9000	f2b372c3d70054c040a062d66d46322bef8bcda52deecdd423477393b1d5cc7d	3b5b94b903f990559e5ee2854c69d0164461d65220eff067a2c3b2003260e7f2
round25-birch-leaf	silver-birch	S-BARK	hidden	1.0675	1.3347	1.0000	0.0000	0.4708	0.3602	0.1311	0.4943	92.4000	136.1000	ad26129b19ddb35c1e4f214cc716930aa1b13726a29393518b83396935c5f3e0	60e8f793df4a6506581fdd7e579a49a325a4cab568c5a6a6a07bb28032e901a3
round25-birch-leaf	silver-birch	S-WHOLE	leaf-on	0.8461	0.9049	0.0800	0.1904	0.4426	0.4253	0.2189	0.1179	83.0000	70.8000	3b45c46fdec959105d01685727b28ed2380915b64c78e735e3542a32b1626e57	65c3e7f0eabda412a9bfeef26e92f0270af41a8d26276a9fa12bbc13c1df3961
round25-birch-leaf	silver-birch	S-LEAF	leaf											7ccca41a4664bb715ec5066f1ba94d7de40ad74059d8ec02e0b7176080fc1a14	a9aae2c6b34cd90682345a98a8b587721c403c6660eeed606925528683cab28d
round25-birch-leaf	silver-birch	S-SHOOT	leaf											7ccca41a4664bb715ec5066f1ba94d7de40ad74059d8ec02e0b7176080fc1a14	f8507bba3d97af5b1ed233615288a365bac0b75b3ef50f26d412227195c9dd00
round26-birch-crown	silver-birch	S-WHOLE	leaf-on	0.8461	0.9139	0.0800	0.1967	0.4426	0.4508	0.2189	0.1052	83.0000	82.2000	2745f4c37a4410236f2adfb0d6b0c3903c7312bd8a15872ef8e58d4c35293d1e	42e02ef154e9b6506c54454678316cd8abde2f856a257ef1eaf89d26d1e9142f
round26-birch-crown	silver-birch	S-BARE	hidden	0.7018	0.6667	0.1500	0.2321	0.4587	0.4974	0.1676	0.0914	91.3000	102.9000	246aa0c58eae50300ec5be6520aca8a854cf97506eb5c86f581c7ede7c29be68	2d72dcda76f3f7446d676da504a3ccc7db77c8185fe4f2ba89a8b6ffae4b614a
round26-birch-crown	silver-birch	S-BARK	hidden	1.0675	1.2868	1.0000	0.0000	0.4708	0.3487	0.1311	0.4944	92.4000	132.9000	67d8000c31f2272ef242b3f78f622213522fabf6020834f6ad6ddc614248edbb	7ee87ed7145f974844a200c0705235de663a0d6546a69cf2d3290a485944e4f6
round26-birch-crown	silver-birch	S-LEAF	leaf											7ccca41a4664bb715ec5066f1ba94d7de40ad74059d8ec02e0b7176080fc1a14	a9aae2c6b34cd90682345a98a8b587721c403c6660eeed606925528683cab28d
round26-birch-crown	silver-birch	S-SHOOT	leaf											7ccca41a4664bb715ec5066f1ba94d7de40ad74059d8ec02e0b7176080fc1a14	f8507bba3d97af5b1ed233615288a365bac0b75b3ef50f26d412227195c9dd00
round26-birch-crown	silver-birch	S-FORK	hidden											cee99ba273553073b0efe0817800c01a904af4eda14c9d74023b6e81ecf1883b	
round26-birch-crown	silver-birch	S-UNDER	leaf-on											ec6b32a66eb82c58f1b861fe52d8877c5bb9f04246f31dde355a4636d2795f1d	
